id,shop_id,title,url,image,text
1,1498,Адек,,визиткиадек.png,
2,1498,Шопомоб,,визиткиадекобратная.png,
3,1498,Адек,,визиткашопомоб.png,
4,1498,Шопомоб,,визиткашопомоб31.png,
5,1498,Адек,,визиткиадек.png,
6,1498,Шопомоб,,визиткиадекобратная.png,
7,1498,Адек,,визиткашопомоб.png,
8,1498,Шопомоб,,визиткиадек.png,
9,1498,Адек,,визиткиадекобратная.png,
10,1498,Шопомоб,,визиткашопомоб.png,
11,1498,Адек,,визиткашопомоб31.png,
12,1498,Шопомоб,,визиткиадек.png,
13,1498,Адек,,визиткиадекобратная.png,
14,1498,Адек,,визиткашопомоб.png,
15,1498,Шопомоб,,визиткиадек.png,
16,1498,Адек,,визиткиадекобратная.png,
17,1498,Шопомоб,,визиткашопомоб.png,
18,1498,Адек,,визиткашопомоб31.png,
19,1498,Шопомоб,,визиткиадек.png,
20,1498,Адек,,визиткиадекобратная.png,
21,1498,Шопомоб,,визиткашопомоб.png,
22,1498,Адек,,визиткиадек.png,
23,1498,Шопомоб,,визиткиадекобратная.png,
24,1498,Адек,,визиткашопомоб.png,
25,1498,Шопомоб,,визиткашопомоб31.png,
26,,,,,
27,,,,,
28,,,,,
29,,,,,
30,,,,,
31,,,,,
32,,,,,
33,,,,,
34,,,,,
35,,,,,
36,,,,,
37,,,,,
38,,,,,
39,,,,,
40,,,,,
41,,,,,
42,,,,,
43,,,,,
44,,,,,
45,,,,,
46,,,,,
47,,,,,
48,,,,,
49,,,,,
